alpha,gamma,epsilon_decay_coef,min_epsilon,seed,board_size,checkpoint_games,eval_games,wins,losses,draws,win_rate,loss_rate,draw_rate,average_score_margin,qtable_states,qtable_actions
0.05,0.2,0.999985,0.05,1,4,10000,2000,127,1035,838,0.0635,0.5175,0.419,-1.764,5330,12528
0.05,0.2,0.999985,0.05,1,4,25000,2000,272,1079,649,0.136,0.5395,0.3245,-1.352,7059,16545
0.05,0.2,0.999985,0.05,1,4,50000,2000,288,1083,629,0.144,0.5415,0.3145,-1.285,8263,19416
0.05,0.2,0.999985,0.05,1,4,100000,2000,389,983,628,0.1945,0.4915,0.314,-1.056,8881,20862
0.05,0.2,0.999985,0.05,1,4,200000,2000,367,1021,612,0.1835,0.5105,0.306,-1.164,9039,21233
0.05,0.2,0.999985,0.05,2,4,10000,2000,121,1104,775,0.0605,0.552,0.3875,-1.861,5475,12893
0.05,0.2,0.999985,0.05,2,4,25000,2000,242,1098,660,0.121,0.549,0.33,-1.54,7133,16792
0.05,0.2,0.999985,0.05,2,4,50000,2000,301,1074,625,0.1505,0.537,0.3125,-1.228,8291,19564
0.05,0.2,0.999985,0.05,2,4,100000,2000,402,949,649,0.201,0.4745,0.3245,-0.93,8986,21204
0.05,0.2,0.999985,0.05,2,4,200000,2000,377,1028,595,0.1885,0.514,0.2975,-1.162,9096,21463
0.05,0.2,0.999985,0.05,3,4,10000,2000,140,1059,801,0.07,0.5295,0.4005,-1.786,5324,12522
0.05,0.2,0.999985,0.05,3,4,25000,2000,281,981,738,0.1405,0.4905,0.369,-1.349,7014,16507
0.05,0.2,0.999985,0.05,3,4,50000,2000,344,1016,640,0.172,0.508,0.32,-1.231,8251,19440
0.05,0.2,0.999985,0.05,3,4,100000,2000,381,977,642,0.1905,0.4885,0.321,-1.018,8908,20993
0.05,0.2,0.999985,0.05,3,4,200000,2000,403,960,637,0.2015,0.48,0.3185,-0.932,9081,21416
0.05,0.4,0.999985,0.05,1,4,10000,2000,113,1100,787,0.0565,0.55,0.3935,-1.871,5695,13430
0.05,0.4,0.999985,0.05,1,4,25000,2000,377,990,633,0.1885,0.495,0.3165,-1.234,7656,17990
0.05,0.4,0.999985,0.05,1,4,50000,2000,345,991,664,0.1725,0.4955,0.332,-1.155,9037,21215
0.05,0.4,0.999985,0.05,1,4,100000,2000,403,964,633,0.2015,0.482,0.3165,-0.974,9640,22637
0.05,0.4,0.999985,0.05,1,4,200000,2000,367,1021,612,0.1835,0.5105,0.306,-1.164,9776,22954
0.05,0.4,0.999985,0.05,2,4,10000,2000,189,1166,645,0.0945,0.583,0.3225,-1.92,5533,12971
0.05,0.4,0.999985,0.05,2,4,25000,2000,244,1041,715,0.122,0.5205,0.3575,-1.445,7547,17630
0.05,0.4,0.999985,0.05,2,4,50000,2000,393,965,642,0.1965,0.4825,0.321,-1.008,8916,20920
0.05,0.4,0.999985,0.05,2,4,100000,2000,402,949,649,0.201,0.4745,0.3245,-0.93,9599,22513
0.05,0.4,0.999985,0.05,2,4,200000,2000,377,1028,595,0.1885,0.514,0.2975,-1.162,9756,22904
0.05,0.4,0.999985,0.05,3,4,10000,2000,155,1085,760,0.0775,0.5425,0.38,-1.713,5436,12764
0.05,0.4,0.999985,0.05,3,4,25000,2000,310,1005,685,0.155,0.5025,0.3425,-1.339,7419,17368
0.05,0.4,0.999985,0.05,3,4,50000,2000,344,1016,640,0.172,0.508,0.32,-1.231,8733,20396
0.05,0.4,0.999985,0.05,3,4,100000,2000,381,977,642,0.1905,0.4885,0.321,-1.018,9510,22193
0.05,0.4,0.999985,0.05,3,4,200000,2000,403,960,637,0.2015,0.48,0.3185,-0.932,9623,22454
0.05,0.6,0.999985,0.05,1,4,10000,2000,126,1649,225,0.063,0.8245,0.1125,-2.912,5656,13275
0.05,0.6,0.999985,0.05,1,4,25000,2000,229,1561,210,0.1145,0.7805,0.105,-2.033,7798,18259
0.05,0.6,0.999985,0.05,1,4,50000,2000,284,1101,615,0.142,0.5505,0.3075,-1.327,9226,21579
0.05,0.6,0.999985,0.05,1,4,100000,2000,389,983,628,0.1945,0.4915,0.314,-1.056,10027,23487
0.05,0.6,0.999985,0.05,1,4,200000,2000,358,1006,636,0.179,0.503,0.318,-1.185,10201,23890
0.05,0.6,0.999985,0.05,2,4,10000,2000,102,1653,245,0.051,0.8265,0.1225,-2.955,5611,13182
0.05,0.6,0.999985,0.05,2,4,25000,2000,280,1567,153,0.14,0.7835,0.0765,-2.315,7557,17769
0.05,0.6,0.999985,0.05,2,4,50000,2000,391,1011,598,0.1955,0.5055,0.299,-1.074,8966,21073
0.05,0.6,0.999985,0.05,2,4,100000,2000,402,949,649,0.201,0.4745,0.3245,-0.93,9778,22956
0.05,0.6,0.999985,0.05,2,4,200000,2000,419,1003,578,0.2095,0.5015,0.289,-1.096,9922,23278
0.05,0.6,0.999985,0.05,3,4,10000,2000,195,1550,255,0.0975,0.775,0.1275,-2.607,5612,13117
0.05,0.6,0.999985,0.05,3,4,25000,2000,244,1607,149,0.122,0.8035,0.0745,-2.476,7764,18183
0.05,0.6,0.999985,0.05,3,4,50000,2000,379,990,631,0.1895,0.495,0.3155,-1.104,9113,21329
0.05,0.6,0.999985,0.05,3,4,100000,2000,380,1003,617,0.19,0.5015,0.3085,-1.077,9879,23144
0.05,0.6,0.999985,0.05,3,4,200000,2000,456,963,581,0.228,0.4815,0.2905,-1.012,10024,23472
0.05,0.8,0.999985,0.05,1,4,10000,2000,110,594,1296,0.055,0.297,0.648,-0.852,5456,12799
0.05,0.8,0.999985,0.05,1,4,25000,2000,319,0,1681,0.1595,0.0,0.8405,0.741,7614,17813
0.05,0.8,0.999985,0.05,1,4,50000,2000,383,14,1603,0.1915,0.007,0.8015,0.858,9093,21316
0.05,0.8,0.999985,0.05,1,4,100000,2000,1027,0,973,0.5135,0.0,0.4865,1.521,10184,23779
0.05,0.8,0.999985,0.05,1,4,200000,2000,997,0,1003,0.4985,0.0,0.5015,0.997,10407,24258
0.05,0.8,0.999985,0.05,2,4,10000,2000,123,594,1283,0.0615,0.297,0.6415,-0.852,5741,13488
0.05,0.8,0.999985,0.05,2,4,25000,2000,218,75,1707,0.109,0.0375,0.8535,0.365,7584,17741
0.05,0.8,0.999985,0.05,2,4,50000,2000,506,0,1494,0.253,0.0,0.747,0.506,9029,21118
0.05,0.8,0.999985,0.05,2,4,100000,2000,1013,0,987,0.5065,0.0,0.4935,1.013,9808,22857
0.05,0.8,0.999985,0.05,2,4,200000,2000,1035,0,965,0.5175,0.0,0.4825,1.035,10139,23603
0.05,0.8,0.999985,0.05,3,4,10000,2000,119,575,1306,0.0595,0.2875,0.653,-0.348,5399,12677
0.05,0.8,0.999985,0.05,3,4,25000,2000,288,0,1712,0.144,0.0,0.856,0.702,7538,17638
0.05,0.8,0.999985,0.05,3,4,50000,2000,373,0,1627,0.1865,0.0,0.8135,0.876,8899,20793
0.05,0.8,0.999985,0.05,3,4,100000,2000,1015,0,985,0.5075,0.0,0.4925,1.528,9988,23258
0.05,0.8,0.999985,0.05,3,4,200000,2000,993,0,1007,0.4965,0.0,0.5035,0.993,10349,24089
0.1,0.2,0.999985,0.05,1,4,10000,2000,101,1083,816,0.0505,0.5415,0.408,-1.885,5731,13487
0.1,0.2,0.999985,0.05,1,4,25000,2000,307,1074,619,0.1535,0.537,0.3095,-1.348,7519,17667
0.1,0.2,0.999985,0.05,1,4,50000,2000,365,994,641,0.1825,0.497,0.3205,-1.095,8734,20516
0.1,0.2,0.999985,0.05,1,4,100000,2000,389,983,628,0.1945,0.4915,0.314,-1.056,9419,22117
0.1,0.2,0.999985,0.05,1,4,200000,2000,367,1021,612,0.1835,0.5105,0.306,-1.164,9559,22444
0.1,0.2,0.999985,0.05,2,4,10000,2000,130,1070,800,0.065,0.535,0.4,-1.823,5449,12816
0.1,0.2,0.999985,0.05,2,4,25000,2000,310,985,705,0.155,0.4925,0.3525,-1.318,7284,17089
0.1,0.2,0.999985,0.05,2,4,50000,2000,379,1003,618,0.1895,0.5015,0.309,-1.139,8497,19941
0.1,0.2,0.999985,0.05,2,4,100000,2000,402,949,649,0.201,0.4745,0.3245,-0.93,8951,21041
0.1,0.2,0.999985,0.05,2,4,200000,2000,377,1028,595,0.1885,0.514,0.2975,-1.162,9092,21367
0.1,0.2,0.999985,0.05,3,4,10000,2000,105,1098,797,0.0525,0.549,0.3985,-1.905,5391,12599
0.1,0.2,0.999985,0.05,3,4,25000,2000,349,1051,600,0.1745,0.5255,0.3,-1.158,7120,16715
0.1,0.2,0.999985,0.05,3,4,50000,2000,76,1031,893,0.038,0.5155,0.4465,-1.986,8292,19498
0.1,0.2,0.999985,0.05,3,4,100000,2000,381,977,642,0.1905,0.4885,0.321,-1.018,8865,20858
0.1,0.2,0.999985,0.05,3,4,200000,2000,403,960,637,0.2015,0.48,0.3185,-0.932,9009,21200
0.1,0.4,0.999985,0.05,1,4,10000,2000,122,1040,838,0.061,0.52,0.419,-1.769,5655,13257
0.1,0.4,0.999985,0.05,1,4,25000,2000,308,1067,625,0.154,0.5335,0.3125,-1.236,7572,17685
0.1,0.4,0.999985,0.05,1,4,50000,2000,365,994,641,0.1825,0.497,0.3205,-1.095,8877,20781
0.1,0.4,0.999985,0.05,1,4,100000,2000,389,983,628,0.1945,0.4915,0.314,-1.056,9582,22447
0.1,0.4,0.999985,0.05,1,4,200000,2000,398,1035,567,0.199,0.5175,0.2835,-1.179,9712,22750
0.1,0.4,0.999985,0.05,2,4,10000,2000,107,1158,735,0.0535,0.579,0.3675,-1.976,5537,13036
0.1,0.4,0.999985,0.05,2,4,25000,2000,253,1109,638,0.1265,0.5545,0.319,-1.499,7444,17518
0.1,0.4,0.999985,0.05,2,4,50000,2000,391,1011,598,0.1955,0.5055,0.299,-1.074,8750,20578
0.1,0.4,0.999985,0.05,2,4,100000,2000,402,949,649,0.201,0.4745,0.3245,-0.93,9470,22287
0.1,0.4,0.999985,0.05,2,4,200000,2000,377,1028,595,0.1885,0.514,0.2975,-1.162,9595,22573
0.1,0.4,0.999985,0.05,3,4,10000,2000,122,1079,799,0.061,0.5395,0.3995,-1.838,5238,12232
0.1,0.4,0.999985,0.05,3,4,25000,2000,35,1022,943,0.0175,0.511,0.4715,-1.964,7411,17319
0.1,0.4,0.999985,0.05,3,4,50000,2000,344,1016,640,0.172,0.508,0.32,-1.231,8667,20209
0.1,0.4,0.999985,0.05,3,4,100000,2000,381,977,642,0.1905,0.4885,0.321,-1.018,9403,21964
0.1,0.4,0.999985,0.05,3,4,200000,2000,403,960,637,0.2015,0.48,0.3185,-0.932,9539,22284
0.1,0.6,0.999985,0.05,1,4,10000,2000,141,1689,170,0.0705,0.8445,0.085,-2.45,5790,13566
0.1,0.6,0.999985,0.05,1,4,25000,2000,322,1003,675,0.161,0.5015,0.3375,-1.332,7846,18392
0.1,0.6,0.999985,0.05,1,4,50000,2000,372,991,637,0.186,0.4955,0.3185,-1.088,9226,21602
0.1,0.6,0.999985,0.05,1,4,100000,2000,420,967,613,0.21,0.4835,0.3065,-1.076,9989,23406
0.1,0.6,0.999985,0.05,1,4,200000,2000,358,1006,636,0.179,0.503,0.318,-1.185,10234,23957
0.1,0.6,0.999985,0.05,2,4,10000,2000,142,1563,295,0.071,0.7815,0.1475,-2.819,5693,13321
0.1,0.6,0.999985,0.05,2,4,25000,2000,285,979,736,0.1425,0.4895,0.368,-1.421,7622,17858
0.1,0.6,0.999985,0.05,2,4,50000,2000,384,980,636,0.192,0.49,0.318,-1.034,9056,21227
0.1,0.6,0.999985,0.05,2,4,100000,2000,402,949,649,0.201,0.4745,0.3245,-0.93,9813,22970
0.1,0.6,0.999985,0.05,2,4,200000,2000,403,1048,549,0.2015,0.524,0.2745,-1.251,10033,23501
0.1,0.6,0.999985,0.05,3,4,10000,2000,125,1552,323,0.0625,0.776,0.1615,-2.835,5636,13178
0.1,0.6,0.999985,0.05,3,4,25000,2000,262,997,741,0.131,0.4985,0.3705,-1.447,7727,18064
0.1,0.6,0.999985,0.05,3,4,50000,2000,391,977,632,0.1955,0.4885,0.316,-1.05,9251,21631
0.1,0.6,0.999985,0.05,3,4,100000,2000,415,988,597,0.2075,0.494,0.2985,-1.102,10056,23530
0.1,0.6,0.999985,0.05,3,4,200000,2000,420,973,607,0.21,0.4865,0.3035,-1.059,10271,24024
0.1,0.8,0.999985,0.05,1,4,10000,2000,160,582,1258,0.08,0.291,0.629,-0.762,5545,13050
0.1,0.8,0.999985,0.05,1,4,25000,2000,79,0,1921,0.0395,0.0,0.9605,0.079,7508,17627
0.1,0.8,0.999985,0.05,1,4,50000,2000,1033,0,967,0.5165,0.0,0.4835,1.033,9081,21218
0.1,0.8,0.999985,0.05,1,4,100000,2000,1020,0,980,0.51,0.0,0.49,1.02,10176,23691
0.1,0.8,0.999985,0.05,1,4,200000,2000,994,0,1006,0.497,0.0,0.503,0.994,10446,24298
0.1,0.8,0.999985,0.05,2,4,10000,2000,126,566,1308,0.063,0.283,0.654,-0.854,5640,13248
0.1,0.8,0.999985,0.05,2,4,25000,2000,63,0,1937,0.0315,0.0,0.9685,0.063,7808,18339
0.1,0.8,0.999985,0.05,2,4,50000,2000,1031,0,969,0.5155,0.0,0.4845,1.031,9414,22064
0.1,0.8,0.999985,0.05,2,4,100000,2000,1013,0,987,0.5065,0.0,0.4935,1.013,10453,24377
0.1,0.8,0.999985,0.05,2,4,200000,2000,1035,0,965,0.5175,0.0,0.4825,1.035,10656,24833
0.1,0.8,0.999985,0.05,3,4,10000,2000,144,555,1301,0.072,0.2775,0.6505,-0.766,5896,13806
0.1,0.8,0.999985,0.05,3,4,25000,2000,375,0,1625,0.1875,0.0,0.8125,0.834,7863,18344
0.1,0.8,0.999985,0.05,3,4,50000,2000,985,0,1015,0.4925,0.0,0.5075,0.985,9405,21872
0.1,0.8,0.999985,0.05,3,4,100000,2000,993,0,1007,0.4965,0.0,0.5035,0.993,10419,24136
0.1,0.8,0.999985,0.05,3,4,200000,2000,993,0,1007,0.4965,0.0,0.5035,0.993,10678,24723
0.2,0.2,0.999985,0.05,1,4,10000,2000,131,1033,836,0.0655,0.5165,0.418,-1.759,5457,12852
0.2,0.2,0.999985,0.05,1,4,25000,2000,334,969,697,0.167,0.4845,0.3485,-1.188,7350,17242
0.2,0.2,0.999985,0.05,1,4,50000,2000,360,987,653,0.18,0.4935,0.3265,-1.096,8528,20033
0.2,0.2,0.999985,0.05,1,4,100000,2000,389,983,628,0.1945,0.4915,0.314,-1.056,9109,21385
0.2,0.2,0.999985,0.05,1,4,200000,2000,367,1021,612,0.1835,0.5105,0.306,-1.164,9229,21665
0.2,0.2,0.999985,0.05,2,4,10000,2000,146,1136,718,0.073,0.568,0.359,-1.919,5212,12159
0.2,0.2,0.999985,0.05,2,4,25000,2000,153,1075,772,0.0765,0.5375,0.386,-1.734,7180,16748
0.2,0.2,0.999985,0.05,2,4,50000,2000,357,994,649,0.1785,0.497,0.3245,-1.149,8337,19501
0.2,0.2,0.999985,0.05,2,4,100000,2000,347,983,670,0.1735,0.4915,0.335,-1.13,8884,20797
0.2,0.2,0.999985,0.05,2,4,200000,2000,377,1028,595,0.1885,0.514,0.2975,-1.162,8968,20989
0.2,0.2,0.999985,0.05,3,4,10000,2000,137,1116,747,0.0685,0.558,0.3735,-1.895,5411,12666
0.2,0.2,0.999985,0.05,3,4,25000,2000,27,1024,949,0.0135,0.512,0.4745,-1.984,7153,16799
0.2,0.2,0.999985,0.05,3,4,50000,2000,353,989,658,0.1765,0.4945,0.329,-1.15,8541,20032
0.2,0.2,0.999985,0.05,3,4,100000,2000,381,977,642,0.1905,0.4885,0.321,-1.018,9100,21322
0.2,0.2,0.999985,0.05,3,4,200000,2000,403,960,637,0.2015,0.48,0.3185,-0.932,9221,21604
0.2,0.4,0.999985,0.05,1,4,10000,2000,107,1131,762,0.0535,0.5655,0.381,-1.938,5761,13569
0.2,0.4,0.999985,0.05,1,4,25000,2000,367,1003,630,0.1835,0.5015,0.315,-1.18,7758,18212
0.2,0.4,0.999985,0.05,1,4,50000,2000,389,972,639,0.1945,0.486,0.3195,-1.016,9230,21645
0.2,0.4,0.999985,0.05,1,4,100000,2000,389,983,628,0.1945,0.4915,0.314,-1.056,9816,23011
0.2,0.4,0.999985,0.05,1,4,200000,2000,367,1021,612,0.1835,0.5105,0.306,-1.164,9956,23344
0.2,0.4,0.999985,0.05,2,4,10000,2000,155,1100,745,0.0775,0.55,0.3725,-1.857,5543,12970
0.2,0.4,0.999985,0.05,2,4,25000,2000,278,1008,714,0.139,0.504,0.357,-1.406,7674,17966
0.2,0.4,0.999985,0.05,2,4,50000,2000,384,980,636,0.192,0.49,0.318,-1.034,8949,20967
0.2,0.4,0.999985,0.05,2,4,100000,2000,402,949,649,0.201,0.4745,0.3245,-0.93,9622,22524
0.2,0.4,0.999985,0.05,2,4,200000,2000,377,1028,595,0.1885,0.514,0.2975,-1.162,9785,22913
0.2,0.4,0.999985,0.05,3,4,10000,2000,173,1054,773,0.0865,0.527,0.3865,-1.786,5688,13388
0.2,0.4,0.999985,0.05,3,4,25000,2000,304,1032,664,0.152,0.516,0.332,-1.276,7671,18011
0.2,0.4,0.999985,0.05,3,4,50000,2000,357,987,656,0.1785,0.4935,0.328,-1.134,9024,21162
0.2,0.4,0.999985,0.05,3,4,100000,2000,381,977,642,0.1905,0.4885,0.321,-1.018,9638,22609
0.2,0.4,0.999985,0.05,3,4,200000,2000,403,960,637,0.2015,0.48,0.3185,-0.932,9852,23113
0.2,0.6,0.999985,0.05,1,4,10000,2000,108,1597,295,0.054,0.7985,0.1475,-2.905,5813,13685
0.2,0.6,0.999985,0.05,1,4,25000,2000,310,1069,621,0.155,0.5345,0.3105,-1.304,7909,18507
0.2,0.6,0.999985,0.05,1,4,50000,2000,389,972,639,0.1945,0.486,0.3195,-1.016,9263,21725
0.2,0.6,0.999985,0.05,1,4,100000,2000,416,985,599,0.208,0.4925,0.2995,-1.117,10004,23420
0.2,0.6,0.999985,0.05,1,4,200000,2000,438,996,566,0.219,0.498,0.283,-1.182,10144,23743
0.2,0.6,0.999985,0.05,2,4,10000,2000,129,1568,303,0.0645,0.784,0.1515,-2.832,5684,13245
0.2,0.6,0.999985,0.05,2,4,25000,2000,285,1003,712,0.1425,0.5015,0.356,-1.485,7632,17833
0.2,0.6,0.999985,0.05,2,4,50000,2000,380,978,642,0.19,0.489,0.321,-1.07,9017,21055
0.2,0.6,0.999985,0.05,2,4,100000,2000,407,990,603,0.2035,0.495,0.3015,-1.121,9823,22881
0.2,0.6,0.999985,0.05,2,4,200000,2000,403,1048,549,0.2015,0.524,0.2745,-1.251,9956,23180
0.2,0.6,0.999985,0.05,3,4,10000,2000,170,1560,270,0.085,0.78,0.135,-2.692,5617,13147
0.2,0.6,0.999985,0.05,3,4,25000,2000,255,1038,707,0.1275,0.519,0.3535,-1.445,7815,18265
0.2,0.6,0.999985,0.05,3,4,50000,2000,349,1016,635,0.1745,0.508,0.3175,-1.21,9404,22012
0.2,0.6,0.999985,0.05,3,4,100000,2000,398,1020,582,0.199,0.51,0.291,-1.167,10191,23837
0.2,0.6,0.999985,0.05,3,4,200000,2000,420,973,607,0.21,0.4865,0.3035,-1.059,10350,24191
0.2,0.8,0.999985,0.05,1,4,10000,2000,75,58,1867,0.0375,0.029,0.9335,0.095,5668,13296
0.2,0.8,0.999985,0.05,1,4,25000,2000,999,0,1001,0.4995,0.0,0.5005,0.999,7710,18017
0.2,0.8,0.999985,0.05,1,4,50000,2000,1033,0,967,0.5165,0.0,0.4835,1.033,9295,21642
0.2,0.8,0.999985,0.05,1,4,100000,2000,1020,0,980,0.51,0.0,0.49,1.02,10194,23704
0.2,0.8,0.999985,0.05,1,4,200000,2000,994,0,1006,0.497,0.0,0.503,0.994,10402,24178
0.2,0.8,0.999985,0.05,2,4,10000,2000,144,100,1756,0.072,0.05,0.878,0.186,5813,13638
0.2,0.8,0.999985,0.05,2,4,25000,2000,503,0,1497,0.2515,0.0,0.7485,0.503,7988,18613
0.2,0.8,0.999985,0.05,2,4,50000,2000,1031,0,969,0.5155,0.0,0.4845,1.031,9754,22648
0.2,0.8,0.999985,0.05,2,4,100000,2000,1013,0,987,0.5065,0.0,0.4935,1.013,10653,24698
0.2,0.8,0.999985,0.05,2,4,200000,2000,1035,0,965,0.5175,0.0,0.4825,1.035,10859,25145
0.2,0.8,0.999985,0.05,3,4,10000,2000,74,68,1858,0.037,0.034,0.929,0.096,5525,12895
0.2,0.8,0.999985,0.05,3,4,25000,2000,995,0,1005,0.4975,0.0,0.5025,1.498,7739,18071
0.2,0.8,0.999985,0.05,3,4,50000,2000,985,0,1015,0.4925,0.0,0.5075,0.985,9572,22259
0.2,0.8,0.999985,0.05,3,4,100000,2000,993,0,1007,0.4965,0.0,0.5035,0.993,10565,24525
0.2,0.8,0.999985,0.05,3,4,200000,2000,993,0,1007,0.4965,0.0,0.5035,0.993,10701,24824
0.4,0.2,0.999985,0.05,1,4,10000,2000,123,1037,840,0.0615,0.5185,0.42,-1.752,5610,13154
0.4,0.2,0.999985,0.05,1,4,25000,2000,297,1072,631,0.1485,0.536,0.3155,-1.269,7338,17175
0.4,0.2,0.999985,0.05,1,4,50000,2000,437,990,573,0.2185,0.495,0.2865,-0.96,8583,20109
0.4,0.2,0.999985,0.05,1,4,100000,2000,306,997,697,0.153,0.4985,0.3485,-1.274,9108,21359
0.4,0.2,0.999985,0.05,1,4,200000,2000,387,1045,568,0.1935,0.5225,0.284,-1.197,9287,21791
0.4,0.2,0.999985,0.05,2,4,10000,2000,156,1088,756,0.078,0.544,0.378,-1.87,5373,12605
0.4,0.2,0.999985,0.05,2,4,25000,2000,73,959,968,0.0365,0.4795,0.484,-1.845,7188,16889
0.4,0.2,0.999985,0.05,2,4,50000,2000,406,1008,586,0.203,0.504,0.293,-1.108,8267,19408
0.4,0.2,0.999985,0.05,2,4,100000,2000,318,987,695,0.159,0.4935,0.3475,-1.235,8812,20690
0.4,0.2,0.999985,0.05,2,4,200000,2000,85,1013,902,0.0425,0.5065,0.451,-1.941,8971,21049
0.4,0.2,0.999985,0.05,3,4,10000,2000,99,1110,791,0.0495,0.555,0.3955,-1.941,5325,12519
0.4,0.2,0.999985,0.05,3,4,25000,2000,250,1123,627,0.125,0.5615,0.3135,-1.511,7266,17036
0.4,0.2,0.999985,0.05,3,4,50000,2000,340,1006,654,0.17,0.503,0.327,-1.192,8516,20016
0.4,0.2,0.999985,0.05,3,4,100000,2000,418,995,587,0.209,0.4975,0.2935,-1.118,9140,21464
0.4,0.2,0.999985,0.05,3,4,200000,2000,403,960,637,0.2015,0.48,0.3185,-0.932,9249,21724
0.4,0.4,0.999985,0.05,1,4,10000,2000,184,1153,663,0.092,0.5765,0.3315,-1.843,5725,13444
0.4,0.4,0.999985,0.05,1,4,25000,2000,340,977,683,0.17,0.4885,0.3415,-1.346,7617,17861
0.4,0.4,0.999985,0.05,1,4,50000,2000,348,1026,626,0.174,0.513,0.313,-1.247,9016,21164
0.4,0.4,0.999985,0.05,1,4,100000,2000,389,983,628,0.1945,0.4915,0.314,-1.056,9556,22415
0.4,0.4,0.999985,0.05,1,4,200000,2000,367,1021,612,0.1835,0.5105,0.306,-1.164,9703,22778
0.4,0.4,0.999985,0.05,2,4,10000,2000,122,1220,658,0.061,0.61,0.329,-2.068,5716,13446
0.4,0.4,0.999985,0.05,2,4,25000,2000,73,959,968,0.0365,0.4795,0.484,-1.845,7640,17908
0.4,0.4,0.999985,0.05,2,4,50000,2000,453,1004,543,0.2265,0.502,0.2715,-1.078,8869,20787
0.4,0.4,0.999985,0.05,2,4,100000,2000,402,949,649,0.201,0.4745,0.3245,-0.93,9608,22528
0.4,0.4,0.999985,0.05,2,4,200000,2000,377,1028,595,0.1885,0.514,0.2975,-1.162,9733,22825
0.4,0.4,0.999985,0.05,3,4,10000,2000,168,1077,755,0.084,0.5385,0.3775,-1.789,5486,12769
0.4,0.4,0.999985,0.05,3,4,25000,2000,305,995,700,0.1525,0.4975,0.35,-1.298,7407,17322
0.4,0.4,0.999985,0.05,3,4,50000,2000,383,985,632,0.1915,0.4925,0.316,-1.034,8733,20419
0.4,0.4,0.999985,0.05,3,4,100000,2000,381,977,642,0.1905,0.4885,0.321,-1.018,9354,21870
0.4,0.4,0.999985,0.05,3,4,200000,2000,380,1002,618,0.19,0.501,0.309,-1.203,9504,22230
0.4,0.6,0.999985,0.05,1,4,10000,2000,120,1605,275,0.06,0.8025,0.1375,-2.885,5752,13439
0.4,0.6,0.999985,0.05,1,4,25000,2000,308,1082,610,0.154,0.541,0.305,-1.393,7815,18273
0.4,0.6,0.999985,0.05,1,4,50000,2000,375,981,644,0.1875,0.4905,0.322,-1.062,9224,21563
0.4,0.6,0.999985,0.05,1,4,100000,2000,454,989,557,0.227,0.4945,0.2785,-1.083,9923,23155
0.4,0.6,0.999985,0.05,1,4,200000,2000,387,1004,609,0.1935,0.502,0.3045,-1.184,10123,23630
0.4,0.6,0.999985,0.05,2,4,10000,2000,144,1180,676,0.072,0.59,0.338,-1.962,5704,13425
0.4,0.6,0.999985,0.05,2,4,25000,2000,73,959,968,0.0365,0.4795,0.484,-1.845,7937,18581
0.4,0.6,0.999985,0.05,2,4,50000,2000,397,999,604,0.1985,0.4995,0.302,-1.236,9407,21998
0.4,0.6,0.999985,0.05,2,4,100000,2000,437,987,576,0.2185,0.4935,0.288,-1.103,10170,23773
0.4,0.6,0.999985,0.05,2,4,200000,2000,403,1048,549,0.2015,0.524,0.2745,-1.251,10316,24111
0.4,0.6,0.999985,0.05,3,4,10000,2000,162,1030,808,0.081,0.515,0.404,-1.703,5694,13314
0.4,0.6,0.999985,0.05,3,4,25000,2000,80,1039,881,0.04,0.5195,0.4405,-1.982,7704,18027
0.4,0.6,0.999985,0.05,3,4,50000,2000,430,974,596,0.215,0.487,0.298,-1.13,9236,21624
0.4,0.6,0.999985,0.05,3,4,100000,2000,404,983,613,0.202,0.4915,0.3065,-1.126,9929,23242
0.4,0.6,0.999985,0.05,3,4,200000,2000,415,981,604,0.2075,0.4905,0.302,-1.125,10054,23548
0.4,0.8,0.999985,0.05,1,4,10000,2000,594,86,1320,0.297,0.043,0.66,1.086,5608,13154
0.4,0.8,0.999985,0.05,1,4,25000,2000,999,0,1001,0.4995,0.0,0.5005,0.999,7780,18075
0.4,0.8,0.999985,0.05,1,4,50000,2000,1033,0,967,0.5165,0.0,0.4835,1.033,9550,22109
0.4,0.8,0.999985,0.05,1,4,100000,2000,1020,0,980,0.51,0.0,0.49,1.02,10371,23987
0.4,0.8,0.999985,0.05,1,4,200000,2000,994,0,1006,0.497,0.0,0.503,0.994,10523,24331
0.4,0.8,0.999985,0.05,2,4,10000,2000,660,65,1275,0.33,0.0325,0.6375,0.731,5903,13808
0.4,0.8,0.999985,0.05,2,4,25000,2000,1015,0,985,0.5075,0.0,0.4925,1.015,8182,19016
0.4,0.8,0.999985,0.05,2,4,50000,2000,1031,0,969,0.5155,0.0,0.4845,1.031,9847,22829
0.4,0.8,0.999985,0.05,2,4,100000,2000,1013,0,987,0.5065,0.0,0.4935,1.013,10696,24782
0.4,0.8,0.999985,0.05,2,4,200000,2000,1035,0,965,0.5175,0.0,0.4825,1.035,10837,25094
0.4,0.8,0.999985,0.05,3,4,10000,2000,613,62,1325,0.3065,0.031,0.6625,0.656,5785,13577
0.4,0.8,0.999985,0.05,3,4,25000,2000,1004,0,996,0.502,0.0,0.498,1.004,8278,19299
0.4,0.8,0.999985,0.05,3,4,50000,2000,985,0,1015,0.4925,0.0,0.5075,0.985,10046,23416
0.4,0.8,0.999985,0.05,3,4,100000,2000,993,0,1007,0.4965,0.0,0.5035,0.993,11003,25611
0.4,0.8,0.999985,0.05,3,4,200000,2000,993,0,1007,0.4965,0.0,0.5035,0.993,11253,26170
