alpha,gamma,epsilon_decay_coef,min_epsilon,seed,board_size,train_games,eval_games,wins,losses,draws,win_rate,loss_rate,draw_rate,average_score_margin,qtable_states,qtable_actions
0.1,0.2,0.999985,0.05,1,4,200000,5000,974,2443,1583,0.1948,0.4886,0.3166,-1.024,9559,22444
0.1,0.2,0.999985,0.05,2,4,200000,5000,909,2578,1513,0.1818,0.5156,0.3026,-1.1888,9092,21367
0.1,0.2,0.999985,0.05,3,4,200000,5000,946,2484,1570,0.1892,0.4968,0.314,-1.052,9009,21200
0.1,0.4,0.999985,0.05,1,4,200000,5000,1021,2455,1524,0.2042,0.491,0.3048,-1.0536,9712,22750
0.1,0.4,0.999985,0.05,2,4,200000,5000,909,2578,1513,0.1818,0.5156,0.3026,-1.1888,9595,22573
0.1,0.4,0.999985,0.05,3,4,200000,5000,946,2484,1570,0.1892,0.4968,0.314,-1.052,9539,22284
0.1,0.6,0.999985,0.05,1,4,200000,5000,972,2496,1532,0.1944,0.4992,0.3064,-1.048,10234,23957
0.1,0.6,0.999985,0.05,2,4,200000,5000,1022,2543,1435,0.2044,0.5086,0.287,-1.1772,10033,23501
0.1,0.6,0.999985,0.05,3,4,200000,5000,1014,2448,1538,0.2028,0.4896,0.3076,-1.1056,10271,24024
0.1,0.8,0.999985,0.05,1,4,200000,5000,2566,0,2434,0.5132,0.0,0.4868,1.0264,10446,24298
0.1,0.8,0.999985,0.05,2,4,200000,5000,2496,0,2504,0.4992,0.0,0.5008,0.9984,10656,24833
0.1,0.8,0.999985,0.05,3,4,200000,5000,2512,0,2488,0.5024,0.0,0.4976,1.0048,10678,24723
0.13,0.2,0.999985,0.05,1,4,200000,5000,974,2443,1583,0.1948,0.4886,0.3166,-1.024,9284,21689
0.13,0.2,0.999985,0.05,2,4,200000,5000,909,2578,1513,0.1818,0.5156,0.3026,-1.1888,9431,22169
0.13,0.2,0.999985,0.05,3,4,200000,5000,946,2484,1570,0.1892,0.4968,0.314,-1.052,9103,21412
0.13,0.4,0.999985,0.05,1,4,200000,5000,974,2443,1583,0.1948,0.4886,0.3166,-1.024,9766,22819
0.13,0.4,0.999985,0.05,2,4,200000,5000,909,2578,1513,0.1818,0.5156,0.3026,-1.1888,9743,22872
0.13,0.4,0.999985,0.05,3,4,200000,5000,946,2484,1570,0.1892,0.4968,0.314,-1.052,9783,22949
0.13,0.6,0.999985,0.05,1,4,200000,5000,1141,2415,1444,0.2282,0.483,0.2888,-1.0376,10118,23727
0.13,0.6,0.999985,0.05,2,4,200000,5000,1022,2543,1435,0.2044,0.5086,0.287,-1.1772,9952,23330
0.13,0.6,0.999985,0.05,3,4,200000,5000,1014,2448,1538,0.2028,0.4896,0.3076,-1.1056,10110,23697
0.13,0.8,0.999985,0.05,1,4,200000,5000,2566,0,2434,0.5132,0.0,0.4868,1.0264,10605,24546
0.13,0.8,0.999985,0.05,2,4,200000,5000,2496,0,2504,0.4992,0.0,0.5008,0.9984,10862,25148
0.13,0.8,0.999985,0.05,3,4,200000,5000,2512,0,2488,0.5024,0.0,0.4976,1.0048,10570,24526
0.17,0.2,0.999985,0.05,1,4,200000,5000,974,2443,1583,0.1948,0.4886,0.3166,-1.024,9035,21238
0.17,0.2,0.999985,0.05,2,4,200000,5000,909,2578,1513,0.1818,0.5156,0.3026,-1.1888,9163,21543
0.17,0.2,0.999985,0.05,3,4,200000,5000,946,2484,1570,0.1892,0.4968,0.314,-1.052,9337,21943
0.17,0.4,0.999985,0.05,1,4,200000,5000,1053,2458,1489,0.2106,0.4916,0.2978,-1.0172,9900,23242
0.17,0.4,0.999985,0.05,2,4,200000,5000,909,2578,1513,0.1818,0.5156,0.3026,-1.1888,9656,22729
0.17,0.4,0.999985,0.05,3,4,200000,5000,946,2484,1570,0.1892,0.4968,0.314,-1.052,9536,22401
0.17,0.6,0.999985,0.05,1,4,200000,5000,972,2496,1532,0.1944,0.4992,0.3064,-1.048,10377,24335
0.17,0.6,0.999985,0.05,2,4,200000,5000,1022,2543,1435,0.2044,0.5086,0.287,-1.1772,10325,24121
0.17,0.6,0.999985,0.05,3,4,200000,5000,1014,2448,1538,0.2028,0.4896,0.3076,-1.1056,10170,23882
0.17,0.8,0.999985,0.05,1,4,200000,5000,2566,0,2434,0.5132,0.0,0.4868,1.0264,10887,25293
0.17,0.8,0.999985,0.05,2,4,200000,5000,2496,0,2504,0.4992,0.0,0.5008,0.9984,10533,24458
0.17,0.8,0.999985,0.05,3,4,200000,5000,2512,0,2488,0.5024,0.0,0.4976,1.0048,10493,24372
0.2,0.2,0.999985,0.05,1,4,200000,5000,974,2443,1583,0.1948,0.4886,0.3166,-1.024,9229,21665
0.2,0.2,0.999985,0.05,2,4,200000,5000,909,2578,1513,0.1818,0.5156,0.3026,-1.1888,8968,20989
0.2,0.2,0.999985,0.05,3,4,200000,5000,946,2484,1570,0.1892,0.4968,0.314,-1.052,9221,21604
0.2,0.4,0.999985,0.05,1,4,200000,5000,974,2443,1583,0.1948,0.4886,0.3166,-1.024,9956,23344
0.2,0.4,0.999985,0.05,2,4,200000,5000,909,2578,1513,0.1818,0.5156,0.3026,-1.1888,9785,22913
0.2,0.4,0.999985,0.05,3,4,200000,5000,946,2484,1570,0.1892,0.4968,0.314,-1.052,9852,23113
0.2,0.6,0.999985,0.05,1,4,200000,5000,1122,2433,1445,0.2244,0.4866,0.289,-1.1112,10144,23743
0.2,0.6,0.999985,0.05,2,4,200000,5000,1022,2543,1435,0.2044,0.5086,0.287,-1.1772,9956,23180
0.2,0.6,0.999985,0.05,3,4,200000,5000,1014,2448,1538,0.2028,0.4896,0.3076,-1.1056,10350,24191
0.2,0.8,0.999985,0.05,1,4,200000,5000,2566,0,2434,0.5132,0.0,0.4868,1.0264,10402,24178
0.2,0.8,0.999985,0.05,2,4,200000,5000,2496,0,2504,0.4992,0.0,0.5008,0.9984,10859,25145
0.2,0.8,0.999985,0.05,3,4,200000,5000,2512,0,2488,0.5024,0.0,0.4976,1.0048,10701,24824
