alpha,gamma,epsilon_decay_coef,min_epsilon,board_size,seeds,checkpoints,eval_games_per_checkpoint,learning_score,learning_score_margin,final_win_rate,final_loss_rate,final_draw_rate,final_score_margin,final_win_rate_std,average_final_qtable_states,average_final_qtable_actions
0.4,0.8,0.999985,0.05,4,3,"[10000, 25000, 50000, 100000, 200000]",2000,0.46606666666666663,0.9725333333333334,0.5036666666666667,0.0,0.4963333333333333,1.0073333333333334,0.011982626312012438,10871,25198.33
0.2,0.8,0.999985,0.05,4,3,"[10000, 25000, 50000, 100000, 200000]",2000,0.3962333333333333,0.8316,0.5036666666666667,0.0,0.4963333333333333,1.0073333333333334,0.011982626312012438,10654,24715.67
0.1,0.8,0.999985,0.05,4,3,"[10000, 25000, 50000, 100000, 200000]",2000,0.3348,0.5127333333333333,0.5036666666666667,0.0,0.4963333333333333,1.0073333333333334,0.011982626312012438,10593.33,24618
0.05,0.8,0.999985,0.05,4,3,"[10000, 25000, 50000, 100000, 200000]",2000,0.28396666666666665,0.6055333333333334,0.5041666666666667,0.0,0.4958333333333333,1.0083333333333333,0.011590225767142451,10298.33,23983.33
0.2,0.6,0.999985,0.05,4,3,"[10000, 25000, 50000, 100000, 200000]",2000,0.1619,-1.5237333333333334,0.21016666666666667,0.5028333333333334,0.287,-1.164,0.008751190395216712,10150,23704.67
0.1,0.6,0.999985,0.05,4,3,"[10000, 25000, 50000, 100000, 200000]",2000,0.1614,-1.4719333333333333,0.19683333333333333,0.5045,0.2986666666666667,-1.165,0.016018218794027424,10179.33,23827.33
0.2,0.4,0.999985,0.05,4,3,"[10000, 25000, 50000, 100000, 200000]",2000,0.1611,-1.2592666666666668,0.19116666666666668,0.5015,0.30733333333333335,-1.0859999999999999,0.009291573243177578,9864.33,23123.33
0.05,0.4,0.999985,0.05,4,3,"[10000, 25000, 50000, 100000, 200000]",2000,0.1601,-1.2730666666666666,0.19116666666666668,0.5015,0.30733333333333335,-1.0859999999999999,0.009291573243177578,9718.33,22770.67
0.4,0.4,0.999985,0.05,4,3,"[10000, 25000, 50000, 100000, 200000]",2000,0.15573333333333333,-1.3387333333333333,0.18733333333333332,0.5085,0.30416666666666664,-1.1763333333333332,0.003403429642777026,9646.67,22611
0.05,0.6,0.999985,0.05,4,3,"[10000, 25000, 50000, 100000, 200000]",2000,0.15446666666666667,-1.6772666666666667,0.2055,0.4953333333333333,0.29916666666666664,-1.0976666666666668,0.02474368606331725,10049,23546.67
0.4,0.6,0.999985,0.05,4,3,"[10000, 25000, 50000, 100000, 200000]",2000,0.15296666666666667,-1.4713333333333334,0.20083333333333334,0.5055000000000001,0.2936666666666667,-1.1866666666666665,0.007023769168568486,10164.33,23763
0.1,0.2,0.999985,0.05,4,3,"[10000, 25000, 50000, 100000, 200000]",2000,0.14803333333333332,-1.3279333333333334,0.19116666666666668,0.5015,0.30733333333333335,-1.0859999999999999,0.009291573243177578,9220,21670.33
0.05,0.2,0.999985,0.05,4,3,"[10000, 25000, 50000, 100000, 200000]",2000,0.14783333333333334,-1.3105333333333333,0.19116666666666668,0.5015,0.30733333333333335,-1.0859999999999999,0.009291573243177578,9072,21370.67
0.1,0.4,0.999985,0.05,4,3,"[10000, 25000, 50000, 100000, 200000]",2000,0.14656666666666668,-1.3306,0.19633333333333333,0.5038333333333334,0.29983333333333334,-1.091,0.006898067362191632,9615.33,22535.67
0.2,0.2,0.999985,0.05,4,3,"[10000, 25000, 50000, 100000, 200000]",2000,0.14206666666666667,-1.3557333333333332,0.19116666666666668,0.5015,0.30733333333333335,-1.0859999999999999,0.009291573243177578,9139.33,21419.33
0.4,0.2,0.999985,0.05,4,3,"[10000, 25000, 50000, 100000, 200000]",2000,0.1366,-1.4096666666666666,0.14583333333333334,0.503,0.3511666666666667,-1.3566666666666667,0.08957864328808142,9169,21521.33
